明石書店,あかししょてん,http://www.akashi.co.jp/,101-0021,東京都千代田区外神田6-9-5,03-5818-1171,03-5818-1174
あかね書房,あかねしょぼう,http://www.akaneshobo.co.jp/,101-0065,東京都千代田区西神田3-2-1 千代田ファーストビル南館1階,03-3263-0641,03-3263-5440
秋田書店,あきたしょてん,http://www.akitashoten.co.jp/,102-8101,東京都千代田区飯田橋2‐10‐8,03-3264-7011,03-3265-9076
朝倉書店,あさくらしょてん,http://www.asakura.co.jp/,162-8707,東京都新宿区新小川町6‐29,03-3260-7631,03-3260-0180
旭屋出版,あさひやしゅっぱん,http://www.asahiya-jp.com,160-0005,東京都新宿区愛住町23-2　ﾍﾞﾙｯｸｽ新宿ビルⅡ,03-5369-6421,03-5369-6430
明日香出版社,あすかしゅっぱんしゃ,http://www.asuka-g.co.jp,112-0005,東京都文京区水道2‐11‐5,03-5395-7650,03-5395-7651
梓出版社,あずさしゅっぱんしゃ,http://www.azusa-syuppan.co.jp/,270-0034,千葉県松戸市新松戸7-65,047-344-8118,047-344-8118
あすなろ書房,あすなろしょぼう,http://www.asunaroshobo.co.jp,162-0041,東京都新宿区早稲田鶴巻町551-4,03-3203-3350,03-3202-3952
アリス館,ありすかん,http:// www.alicekan.com/info/,112-0002,東京都文京区小石川5-5-5,03-5976-7011,03-3944-1228
家の光協会,いえのひかりきょうかい,http://www.ienohikari.net/,162-8448,東京都新宿区市谷船河原町11,03-3266-9000,03-3266-9053
医学書院,いがくしょいん,http://www.igaku-shoin.co.jp,113‐8719,東京都文京区本郷1-28-23,,
池田書店,いけだしょてん,http://www.ikedashoten.co.jp,162-0851,東京都新宿区弁天町43,03-3267-6821,03-3235-6672
医歯薬出版,いしやくしゅっぱん,http://www.ishiyaku.co.jp/,113-8612,東京都文京区本駒込1‐7‐10,03-5395-7604,03-5395-7606
和泉書院,いずみしょいん,http://www.izumipb.co.jp/,543-0037,大阪市天王寺区上之宮町7-6,06-6771-1467,06-6771-1508
井上書院,いのうえしょいん,http://www.inoueshoin.co.jp/,113-0034,東京都文京区湯島2‐17‐15　斎藤ビル4階,03-5689-5481,03-5689-5483
今人舎,いまじんしゃ,http://www.imajinsha.co.jp/,186-0001,東京都国立市北1-7-23,042-575-8888,042-575-8886
岩崎書店,いわさきしょてん,http://www.iwasakishoten.co.jp/,112-0005,東京都文京区水道1‐9‐2,03-3812-9131,03-3816-6033
岩波書店,いわなみしょてん,http://www.iwanami.co.jp/,101‐8002,東京都千代田区一ツ橋2‐5‐5,03-5210-4000,
インプレスホールディングス,いんぷれすほーるでぃんぐす,http://www.impressholdings.com/,101-0051,東京都千代田区神田神保町1-105,03-6837-5000,03-6837-5001
WAVE出版,うぇいぶしゅっぱん,http://www.wave-publishers.co.jp/,102-0074,東京都千代田区九段南3-9-12九段ニッカナビル2階,03-3261-3713,03-3261-3823
潮出版社,うしおしゅっぱんしゃ,http://www.usio.co.jp/,102-8110,東京都千代田区一番町6　一番町SQUARE,03-3230-0768,
内田老鶴圃,うちだろうかくほ,http://www.rokakuho.co.jp/,112-0012,東京都文京区大塚3‐34‐3,03-3945-6781,03-3945-6782
芸艸堂,うんそうどう,http://www.unsodo.net,113-0034,東京都文京区湯島1‐3‐6,03-3818-3811,03-3813-4645
英宝社,えいほうしゃ,http://www.eihosha.co.jp/,101-0032,東京都千代田区岩本町2-7-7　第一井口ビル,03-5833-5870,03-5833-5872
ＮＨＫ出版,えぬえいちけーしゅっぱん,http://www.nhk-book.co.jp/,150‐0042,東京都渋谷区宇田川町10-3,03-3780-3353,
ＮＴＴ出版,えぬてぃてぃしゅっぱん,http://www.nttpub.co.jp/,108-0023,東京都港区芝浦3-4-1　グランパークタワー14階,03-5434-1020,03-5434-0909
旺文社,おうぶんしゃ,http://www.obunsha.co.jp/,162-8680,東京都新宿区横寺町55,03-3266-6000,
大阪教育図書,おおさかきょういくとしょ,http://www2.osk.3web.ne.jp/~daikyopb/index.html,530-0055,大阪市北区野崎町1‐25　新大和ビル3 階,06-6361-5936,06-6361-5819
大阪大学出版会,おおさかだいがくしゅっぱんかい,http://www.osaka-up.or.jp,565-0871,大阪府吹田市山田丘2-7ウエストフロント内,06-6877-1614,06-6877-1614
大月書店,おおつきしょてん,http://www.otsukishoten.co.jp/,113-0033,東京都文京区本郷2‐27-16,03-3813-4651,03-3813-4656
御茶の水書房,おちゃのみずしょぼう,http://www.ochanomizushobo.co.jp/,113-0033,東京都文京区本郷5‐30‐20,03-5684-0751,03-5684-0753
オトバンク,おとばんく,http:// www.otobank.co.jp/,113-0033,東京都文京区本郷3-4-6　御茶ノ水海エビヌマビル８階,3-5805-2915,03-5805-2917
オーム社,おーむしゃ,http://www.ohmsha.co.jp/,101-8460,東京都千代田区神田錦町3‐1,03-3233-0641,03-3291-2156
オライリー・ジャパン,おらいりー・じゃぱん,https://www.oreilly.co.jp/,160-0002,東京都新宿区四谷坂町12-22,03-3356-5227,03-3556-5261
音楽之友社,おんがくのともしゃ,http://www.ongakunotomo.co.jp/,162-8716,東京都新宿区神楽坂6‐30,03-3235-2111,03-3235-2148
偕成社,かいせいしゃ,http://www.kaiseisha.co.jp/,162-8450,東京都新宿区市谷砂土原町3‐5,03-3260-3221,03-3260-3222
海青社,かいせいしゃ,http://www.kaiseisha-press.ne.jp/,520-0112,滋賀県大津市日吉台2-16-4,077-577-2677,077-577-2688
開拓社,かいたくしゃ,http://www.kaitakusha.co.jp,112-0013,東京都文京区音羽1-22-16,03-5395-7101,03-5395-7105
海文堂出版,かいぶんどうしゅっぱん,http://www.kaibundo.jp,112-0005,東京都文京区水道2‐5‐4,03-3815-3291,03-3815-3953
解放出版社,かいほうしゅっぱんしゃ,http://www.kaihou-s.com,552-0001,大阪市港区波除4-1-37,06-6581-8542,
開隆堂出版,かいりゅうどうしゅっぱん,http://www.kairyudo.co.jp,113-8608,東京都文京区向丘1‐13‐1,03-5684-6111,03-5684-6133
化学同人,かがくどうじん,http://www.kagakudojin.co.jp,600-8074,京都市下京区仏光寺通柳馬場西入,075-352-3711,075-352-0371
学芸出版社,がくげいしゅっぱんしゃ,http://web.kyoto-inet.or.jp/org/gakugei/,600-8216,京都市下京区木津屋橋通西洞院東入,075-342-2600,075-342-2605
学事出版,がくじしゅっぱん,http://www.gakuji.co.jp,101-0051,東京都千代田区神田神保町1-2-5,03-3518-9655,03-3518-9018
学術図書出版社,がくじゅつとしょしゅっぱんしゃ,http://www.gakujutsu.co.jp,113-0033,東京都文京区本郷5‐4‐6,03-3811-0889,03-3811-2464
学陽書房,がくようしょぼう,http://www.gakuyo.co.jp/,102-0072,東京都千代田区飯田橋1-9-3,03-3261-1113,03-5211-3303
風間書房,かざましょぼう,http://www.kazamashobo.co.jp,101-0051,東京都千代田区神田神保町1‐34,03-3291-5729,03-3291-5757
鹿島出版会,かじましゅっぱんかい,http://www.kajima-publishing.co.jp/,104-0061,東京都中央区銀座6-17-1,03-6264-2302,03-6264-2303
柏書房,かしわしょぼう,http://www.kashiwashobo.co.jp/,113-0033,東京都文京区本郷2-15-13,03-3830-1891,03-3830-5337
Gakken,がっけん,https://www.corp-gakken.co.jp/,141-8510,東京都品川区西五反田2-11-8,03-6431-1131,
KADOKAWA,かどかわ,http://www.kadokawa.co.jp/,102-0071,東京都千代田区富士見2‐13‐3,03-3238-8521,
金子書房,かねこしょぼう,http://www.kanekoshobo.co.jp/,112-0012,東京都文京区大塚3‐3‐7,03-3941-0111,03-3941-0163
金原出版,かねはらしゅっぱん,http://www.kanehara-shuppan.co.jp/,113-8687,東京都文京区湯島2‐31‐14,03-3811-7184,03-3813-0288
川島書店,かわしましょてん,http://kawashima-pb.kazekusa.co.jp/,165-0026,東京都中野区新井2-16-7,03-3388-5065,03-5318-7146
河出書房新社,かわでしょぼうしんしゃ,http://www.kawade.co.jp/,151-0051,東京都渋谷区千駄ヶ谷2‐32‐2,03-3404-1201,
河原書店,かわらしょてん,http://www.kawarashoten.jp/,604-8132,京都市中京区高倉通三条下ル,075-221-5637,075-221-4332
かんき出版,かんきしゅっぱん,http://www.kanki-pub.co.jp/,102-0083,東京都千代田区麹町4‐1‐4西脇ビル,03-3262-8011,03-3234-4421
関西大学出版部,かんさいだいがくしゅっぱんぶ,http://www.kansai-u.ac.jp/Syppan/index.php,564-8680,大阪府吹田市山手町3‐3‐35,06-6368-1121,06-6389-5162
関西学院大学出版会,かんせいがくいんだいがくしゅっぱんかい,http://www.kwansei.ac.jp/press/,662-0891,兵庫県西宮市上ヶ原一番町1−155,0798-53-5233,0798-53-9592
翰林書房,かんりんしょぼう,http://www.kanrin.co.jp/,151-0071,東京都渋谷区本町1-4-16　初台ガイヤビル4階,03-6380-9601,03-6380-9602
萌書房,きざすしょぼう,http://www3.kcn.ne.jp/~kizasu-s,630-1242,奈良市大柳生町3619-1,0742-93-2234,0742-93-2235
紀伊國屋書店出版部,きのくにやしょてんしゅっぱんぶ,http://www.kinokuniya.co.jp/,153-8504,東京都目黒区下目黒3-7-10,03-6910-0508,03-6420-1354
技報堂出版,ぎほうどうしゅっぱん,http://gihodobooks.jp/,102-0051,東京都千代田区神田神保町1-2-5　和栗ハトヤビル,03-5217-0885,03-5217-0886
九州大学出版会,きゅうしゅうだいがくしゅっぱんかい,http://www.kup.or.jp/,814-0001,福岡市早良区百道浜3-8-34　九州大学産学官連携ｲﾉﾍﾞｰｼｮﾝﾌﾟﾗｻﾞ305,092-833-9150,092-833-9160
求龍堂,きゅうりゅうどう,http://www.kyuryudo.co.jp,102-0094,東京都千代田区紀尾井町3‐23文藝春秋新館１階,03-3239-3381,03-3239-3376
教育出版,きょういくしゅっぱん,http://www.kyoiku-shuppan.co.jp/,135-0063,東京都江東区有明3-4-10　TFTビル西館,03-5579-6725,03-5579-6693
ぎょうせい,ぎょうせい,http://www.gyosei.co.jp/,136-8575,東京都江東区新木場1-18-11,03-6892-6570,03-6892-6925
協同医書出版社,きょうどういしょしゅっぱんしゃ,http://www.kyodo-isho.co.jp/,113-0033,東京都文京区本郷3‐21‐10浅沼第2 ビル4 階,03-3818-2361,03-3818-2368
京都新聞出版センター,きょうとしんぶんしゅっぱんせんたー,http://www.kyoto-pd.co.jp/book/,604-8578,京都市中京区烏丸通夷川上ル,075-241-6192,075-222-1956
京都大学学術出版会,きょうとだいがくがくじゅつしゅっぱんかい,http://www.kyoto-up.or.jp,606‐8315,京都市左京区吉田近衛町69,075-761-6182,075-761-6190
共立出版,きょうりつしゅっぱん,http://www.kyoritsu-pub.co.jp/,112-0006,東京都文京区小日向4‐6‐19,03-3947-2511,03-3947-2539
銀行研修社,ぎんこうけんしゅうしゃ,http://www.ginken.jp/,170-8460,東京都豊島区北大塚3‐10‐5,03-3949-4101,03-5567-1733
金星堂,きんせいどう,http://www.kinsei-do.co.jp/,101-0051,東京都千代田区神田神保町3‐21,03-3263-3828,03-3263-0716
近代消防社,きんだいしょうぼうしゃ,http://homepage3.nifty.com/kinsyo/,105-0021,東京都港区東新橋1-1-19,03-5962-8831,03-592-8835
近代セールス社,きんだいせーるすしゃ,http://www.kindai-sales.co.jp/,165-0026,東京都中野区新井2-10-11　ヤシマ1804ビル,03-6866-7585,03-6866-7595
金の星社,きんのほししゃ,http://www.kinnohoshi.co.jp/,111-0056,東京都台東区小島1‐4‐3,03-3861-1861,03-3861-1507
金芳堂,きんぽうどう,http://www.kinpodo-pub.co.jp/,606-8425,京都市左京区鹿ケ谷西寺ノ前町34,075-751-1111,075-751-6858
金融財政事情研究会,きんゆうざいせいじじょうけんきゅうかい,http://www.kinzai.or.jp,160-8519,東京都新宿区南元町19,03-3358-1161,03-3359-7947
くもん出版,くもんしゅっぱん,http://www.kumonshuppan.com/,141-8488,東京都品川区東五反田2-10-2東五反田スクエア11階,03-6836-0301,03-5421-1612
暮しの手帖社,くらしのてちょうしゃ,http://www.kurashi-no-techo.co.jp/,101-0047,東京都千代田区内神田1-13-1,03-5259-6001,03-5259-6002
クリエテ関西,くりえてかんさい,http://www.amakara.net/home/,531-0071,大阪市北区中津1-18-6富士アネックス3階,06-6375-2363,06-6375-2362
クレオ,くれお,http://www.creo-pb.co.jp,248-0031,神奈川県鎌倉市鎌倉山4-3-1コートハウス鎌倉山1階,0467-67-8477,0467-91-4181
くろしお出版,くろしおしゅっぱん,http://www.9640.jp/xoops/,102-0084,東京都千代田区二番町4-3,03-6261-2867,03-6261-2879
慶應義塾大学出版会,けいおうぎじゅくだいがくしゅっぱんかい,http://www.keio-up.co.jp,108-8346,東京都港区三田2‐19‐30,03-3451-3584,03-3451-3122
経済界,けいざいかい,http://www.keizaikai.co.jp/,100-0014,東京都千代田区永田町2-4-11　フレンドビル3階,03-6441-3741,03-6206-7413
芸術新聞社,げいじゅつしんぶんしゃ,http://www.gei-shin.co.jp,101-0052,東京都千代田区神田小川町2-3-12 神田小川町ビル,03-5280-9080,03-5280-9088
溪水社,けいすいしゃ,http://www.keisui.co.jp/,730-0041,広島市中区小町1‐4,082-246-7909,082-246-7876
勁草書房,けいそうしょぼう,http://www.keisoshobo.co.jp,112-0005,東京都文京区水道2‐1‐1,03-3814-6861,03-3814-6854
敬文堂,けいぶんどう,http://www.keibundo.com,162-0041,東京都新宿区早稲田鶴巻町538　平成ビル1階,03-3203-6161,03-3204-0161
研究社,けんきゅうしゃ,http://www.kenkyusha.co.jp/,102-8152,東京都千代田区富士見2‐11‐3,03-3288-7777,03-3288-7799
玄光社,げんこうしゃ,http://www.genkosha.co.jp/,102-8716,東京都千代田区飯田橋4‐1‐5,03-3263-3515,03-3263-3045
現代図書,げんだいとしょ,http://www.gendaitosho.co.jp/,252-0333,神奈川県相模原市南区東大沼2-21-4,042-765-6462,042-701-8612
建帛社,けんぱくしゃ,http://www.kenpakusha.co.jp/,112-0011,東京都文京区千石4‐2‐15,03-3944-2613,03-3944-1986
好学社,こうがくしゃ,http://www.kogakusha.com/,105-0014,東京都港区芝3-3-15　芝MONTビル,03-5444-6911,03-5444-6915
光生館,こうせいかん,http://www.koseikan.co.jp,112-0012,東京都文京区大塚3-11-2,03-3943-3335,03-3943-3494
恒星社厚生閣,こうせいしゃこうせいかく,http://www.kouseisha.com/,160-0008,東京都新宿区三栄町3-14,03-3359-7371,03-3359-7375
佼成出版社,こうせいしゅっぱんしゃ,http://www.kosei-shuppan.co.jp/,166-8535,東京都杉並区和田2‐7‐1,03-5385-2311,03-5385-2330
講談社,こうだんしゃ,http://www.kodansha.co.jp/,112‐8001,東京都文京区音羽2‐12‐21,03-3945-1111,
光文社,こうぶんしゃ,http://www.kobunsha.com,112‐8011,東京都文京区音羽1‐16‐6,,
弘文社,こうぶんしゃ,http://www.kobunsha.org,546-0012,大阪市東住吉区中野2‐1‐27,06-6797-7441,06-6702-4732
光文書院,こうぶんしょいん,http://www.kobun.co.jp/,102-0076,東京都千代田区五番町14,03-3262-3271,03-3230-4190
弘文堂,こうぶんどう,http://www.koubundou.co.jp,101-0062,東京都千代田区神田駿河台1‐7,03-3294-4801,03-3294-7034
晃洋書房,こうようしょぼう,http://www.koyoshobo.co.jp,615-0026,京都市右京区西院北矢掛町7,075-312-0788,075-312-7447
公論社,こうろんしゃ,,150-0043,東京都渋谷区道玄坂1‐15‐3‐205,03-3476-3157,03-3476-3158
国政情報センター,こくせいじょうほうせんたー,http://www.kokuseijoho.co.jp/,150-0044,東京都渋谷区円山町5-4,03-3476-4111,03-3476-4842
国土社,こくどしゃ,http://www.kokudosha.co.jp/,101-0062,東京都千代田区神田駿河台2-5,03-6272-6125,03-6272-6126
古今書院,ここんしょいん,http://www.kokon.co.jp/,113-0021,東京都文京区本駒込5-16-3,03-5834-2874,03-5834-2875
ごま書房新社,ごましょぼうしんしゃ,http:// gomashobo.com/,102-0072,東京都千代田区飯田橋3-4-6,03-3910-0481,03-6910-0482
小峰書店,こみねしょてん,http://www.komineshoten.co.jp/,162-0066,東京都新宿区市谷台町4‐15,03-3357-3521,03-3357-1027
コロナ社,ころなしゃ,http://www.coronasha.co.jp/,112-0011,東京都文京区千石4‐46‐10,03-3941-3132,03-3941-3137
サイエンス社,さいえんすしゃ,http://www.saiensu.co.jp,151-0051,東京都渋谷区千駄ヶ谷1‐3‐25,03-5474-8500,03-5474-8900
さ・え・ら書房,さえらしょぼう,http://www.saela.co.jp,162-0842,東京都新宿区市谷砂土原町3‐1,03-3268-4261,03-3268-4262
嵯峨野書院,さがのしょいん,http://www.saganoshoin.co.jp,615-8045,京都市西京区牛ケ瀬南ノ口町39,075-391-7686,075-391-7321
山喜房佛書林,さんきぼうぶっしょりん,http://www003.upp.so-net.ne.jp/sankibo/,113-0033,東京都文京区本郷5‐28‐5,03-3811-5361,03-3815-5554
三共出版,さんきょうしゅっぱん,http://www.sankyoshuppan.co.jp/,101-0051,東京都千代田区神田神保町3‐2,03-3264-5711,03-3265-5149
産業図書,さんぎょうとしょ,http://www.san-to.co.jp/,102-0072,東京都千代田区飯田橋2‐11‐3,03-3261-7821,03-3239-2178
産業能率大学出版部,さんぎょうのうりつだいがくしゅっぱんぶ,http://www.sannopub.co.jp/,158-8630,東京都世田谷区等々力6-39-15,03-6432-2536,03-6432-2537
ｻﾝｸﾁｭｱﾘ･ﾊﾟﾌﾞﾘｯｼﾝｸﾞ,さんくちゅあり・ぱぶりっしんぐ,https://www.sanctuarybooks.jp/,113-0023,東京都文京区向丘2-14-9,03-5834-2507,03-5834-2508
三修社,さんしゅうしゃ,http://www.sanshusha.co.jp/np/index.do,150-0001,東京都渋谷区神宮前2-2-22青山熊野神社ビル,03-3405-4511,03-3405-4522
三省堂,さんせいどう,http://www.sanseido-publ.co.jp/,102-8371,東京都千代田区麹町5-7-2,03-3230-9441,03-3230-9547
サンパウロ,さんぱうろ,http://www.sanpaolo.or.jp,160-0011,東京都新宿区若葉1-5,03-3357-7651,03-3357-7652
三宝出版,さんぽうしゅっぱん,http://www.sampoh.co.jp/index.html,111-0034,東京都台東区雷門2-3-10,03-5828-0600,03-5828-0607
サンマーク出版,さんまーくしゅっぱん,http://www.sunmark.co.jp/publishing/,169-0074,東京都新宿区北新宿,03-5348-7800,03-5348-7801
サンライズ出版,さんらいずしゅっぱん,http://www.sunrise-pub.co.jp/,522-0004,滋賀県彦根市鳥居本町655−1,0749-22-0627,0749-23-7720
サンリオ,さんりお,http://www.sanrio.co.jp,141-8603,東京都品川区大崎1‐11-1,03-3779-8101,03-3779-8098
産労総合研究所,さんろうそうごうけんきゅうじょ,http://www.e-sanro.net/sri/index01.html,100-0014,東京都千代田区永田町1-11-1 三宅坂ビル,03-5860-9771,
JTBパブリッシング,じぇいてぃーびーぱぶりっしんぐ,http://www.rurubu.com,162-8446,新宿区払方町25-5　アーバンネット市ヶ谷ビル,03-6888-7811,03-6888-7809
視覚デザイン研究所,しかくでざいんけんきゅうじょ,http://www.shikaku-d.com/main.html,101-0051,東京都千代田区神田神保町1‐22 北信ビル,03-5280-1067,03-5280-1069
CCCメディアハウス,しーしーしーめでぃあはうす,http://www.cccmh.co.jp/,141-8205,東京都品川区上大崎3-1-1目黒セントラルスクエア,03-5436-5701,03-5436-5746
自治体研究社,じちたいけんきゅうしゃ,http://www.bekkoame.ne.jp/i/jitiken/,162-8512,東京都新宿区矢来町123 矢来ビル4F,03-3235-5941,03-3235-5933
実教出版,じっきょうしゅっぱん,http://www.jikkyo.co.jp/,102-8377,東京都千代田区五番町5,03-3238-7700,03-3238-7719
実業之日本社,じつぎょうのにほんしゃ,http://www.j-n.co.jp/,107-0062,東京都港区南青山5-11-9　レキシントン青山4階,03-6809-0770,
柴田書店,しばたしょてん,http://shibatashoten.co.jp,113-8477,東京都文京区湯島3‐26‐9　イヤサカビル3・4階,03-5816-8251,03-5816-8257
思文閣出版,しぶんかくしゅっぱん,http://www.shibunkaku.co.jp,6005-0089,京都市東山区元町355,075-751-1781,075-752-0723
清水書院,しみずしょいん,http://www.shimizushoin.co.jp,102-0072,東京都千代田区飯田橋3-11-6 清水書院サービス第2ビル,03-5213-7151,03-5213-7160
ジャパンタイムズ 出版,じゃぱんたいむずしゅっぱん,http://www.japantimes.co.jp,102-0094,東京都千代田区一番町2-2,050-3646-0123,03-6869-2198
集英社,しゅうえいしゃ,http://www.shueisha.co.jp,101‐8050,東京都千代田区一ツ橋2‐5‐10,3230-6111,
自由國民社,じゆうこくみんしゃ,http://www.jiyu.co.jp/,171-0033,東京都豊島区高田3-10-11,03-6233-0781,03-6233-0780
樹村房,じゅそんぼう,http://www.jusonbo.co.jp,112-0002,東京都文京区小石川5-11-7,03-3868-7321,03-6801-5202
主婦と生活社,しゅふとせいかつしゃ,http://www.shufu.co.jp,104-8357,東京都中央区京橋3‐5‐7,03-3563−5120,
主婦の友社,しゅふのともしゃ,http://www.shufunotomo.co.jp/,141-0021,東京都品川区上大崎3-1-11　目黒セントラルスクエア,03-5280-7500,
春秋社,しゅんじゅうしゃ,http://www.shunjusha.co.jp/,101-0021,東京都千代田区外神田2‐18‐6,03-3255-9611,03-3253-1384
春風社,しゅんぷうしゃ,http://shumpu.com/,220-0003,横浜市西区紅葉ヶ丘53　横浜市教育会館3階,045-261-3168,045-261-3169
旬報社,じゅんぽうしゃ,http://www.junposha.com,162-0041,東京都新宿区早稲田鶴巻町544,03-5579-8973,03-5579-8975
春陽堂書店,しゅんようどうしょてん,http://www.shun-yo-do.co.jp/,104-0061,東京都中央区銀座3-10-9,03-6264-0855,03-6264-0856
翔泳社,しょうえいしゃ,http://www.seshop.com/,160-0006,東京都新宿区舟町５,03-5362-3700,03-5362-3704
小学館,しょうがくかん,http://www.shogakukan.co.jp/,101‐8001,東京都千代田区一ツ橋2‐3‐1,03-3230-5211,
裳華房,しょうかぼう,http://www.shokabo.co.jp/,102-0081,東京都千代田区四番町8‐1,03-3262-9166,03-3262-9130
彰国社,しょうこくしゃ,http://www.shokokusha.co.jp,162-0067,東京都新宿区富久町8-21,03-3359-3231,03-3357-3961
商事法務,しょうじほうむ,http://www.shojihomu.co.jp,103-0027,東京都中央区日本橋3-6-2　日本橋フロント3階,03-5614-5643,03-3664-8844
少年画報社,しょうねんがほうしゃ,http://www.shonengahosha.jp/,101-8388,東京都千代田区西神田2-8-5,03-3262-3501,03-3262-7798
少年写真新聞社,しょうねんしゃしんしんぶんしゃ,http://www.schoolpress.co.jp,102-8232,東京都千代田区九段南4-7-16,03-3264-2624,03-5276-7785
晶文社,しょうぶんしゃ,http://www.shobunsha.co.jp/,101-0051,東京都千代田区神田神保町1-11,03-3518-4940,03-3518-4944
昭文社,しょうぶんしゃ,http://www.mapple.co.jp/,102-8238,東京都千代田区麹町3-1,03-3556-8153,03-3556-8161
昇龍堂出版,しょうりゅうどうしゅっぱん,,101-0062,東京都千代田区神田駿河台2‐9,03-3292-8211,03-3292-8214
照林社,しょうりんしゃ,http://www.shorinsha.co.jp/,112-0002,東京都文京区小石川2-3-23,03-3815-4921,03-3815-4923
昭和堂,しょうわどう,,607-8494,京都市山科区日ノ岡堤谷町3-1,075-502-7500,075-502-7501
女子栄養大学出版部,じょしえいようだいがくしゅっぱんぶ,http://www.eiyo21.com,170-8481,東京都豊島区駒込3‐24‐3,03-3918-5301,03-3918-3932
女子パウロ会,じょしぱうろかい,http://www.pauline.or.jp/,107-0052,東京都港区赤坂8‐12‐42,03-3479-3943,03-3479-5198
新学社,しんがくしゃ,http://www.sing.co.jp/,607-8501,京都市山科区東野中井ノ上町11‐39,075-581-6119,075-501-4770
新興出版社啓林館,しんこうしゅっぱんしゃけいりんかん,http://www.shinko-keirin.co.jp/,543-8655,大阪市天王寺区大道4‐3‐25,06-6779-1531,06-6779-7319
信山社出版,しんざんしゃしゅっぱん,http://www.shinzansha.co.jp/,113-0033,東京都文京区本郷6‐2‐9‐102,03-3818-1019,03-3818-0344
新書館,しんしょかん,http://www.shinshokan.co.jp/,113-0024,東京都文京区西片2‐19‐18,03-3811-2611,03-3811-2011
新星出版社,しんせいしゅっぱんしゃ,http://www.shin-sei.co.jp/,110-0016,東京都台東区台東2-24-10,03-3831-0743,03-3831-0758
診断と治療社,しんだんとちりょうしゃ,http://www.shindan.co.jp/,100-0014,東京都千代田区永田町2‐14‐2山王グランドビル4 階,03-3580-2750,03-3580-2776
新潮社,しんちょうしゃ,http://www.shinchosha.co.jp/,162-8711,東京都新宿区矢来町71,03-3266-5111,03-3266-5118
新日本出版社,しんにほんしゅっぱんしゃ,http://www.shinnihon-net.co.jp/,151-0051,東京都渋谷区千駄ヶ谷4‐25‐6,03-3423-8401,03-3423-8419
新評論,しんひょうろん,http://www.shinhyoron.co.jp/,169-0051,東京都新宿区西早稲田3‐16‐28,03-3202-7391,03-3202-5832
人文書院,じんぶんしょいん,http://www.jimbunshoin.co.jp,612-8447,京都市伏見区竹田西内畑町９,075-603-1344,075-603-1814
数研出版,すうけんしゅっぱん,http://www.chart.co.jp,101-0052,東京都千代田区神田小川町2-3-3,03-5283-6001,
すばる舎,すばるしゃ,http://www.subarusya.jp/,170-0013,東京都豊島区東池袋3-9-7,03-3981-8651,03-3981-0767
スマートゲート,すまーとげーと,http://www.smartgate.jp/,170-0013,東京都豊島区東池袋4-25-12　池袋今泉ビル3階,03-5577-4891,03-5577-4894
スリーエーネットワーク,すりーえーねっとわーく,http://www.3anet.co.jp/,102-0083,東京都千代田区麹町3-4　トラスティ麹町ビル,03-5275-2722,03-5275-2729
駿河台出版社,するがだいしゅっぱんしゃ,http://www.e-surugadai.com,101-0062,東京都千代田区神田駿河台3‐7 百瀬ビル,03-3291-1676,03-3291-1675
聖教新聞社出版局,せいきょうしんぶんしゃしゅっぱきょく,,160-8070,東京都新宿区信濃町7,03-5360-9443,03-5360-9458
青幻舎,せいげんしゃ,http://www.seigensha.com/,604-8136,京都市中京区三条通烏丸東入る梅忠町9-1,075-252-6766,075-252-6770
青山社,せいざんしゃ,http://www.seizansha.co.jp,252-0333,神奈川県相模原市南区東大沼2-21-4,042-765-6460,042-701-8611
生産性出版,せいさんせいしゅっぱん,http://www.jpc-sed.or.jp,102-8643,東京都千代田区平河町2-13-12,03-3511-4034,03-3511-4073
成山堂書店,せいざんどうしょてん,http://www.seizando.co.jp/,160-0012,東京都新宿区南元町4‐51成山堂ビル,03-3357-5861,03-3357-5867
青春出版社,せいしゅんしゅっぱんしゃ,http://www.seishun.co.jp/,162-0056,東京都新宿区若松町12‐1,03-3203-5121,03-3207-0982
誠信書房,せいしんしょぼう,http://www.seishinshobo.co.jp/,112-0012,東京都文京区大塚3‐20‐6,03-3946-5666,03-3945-8880
聖徳大学出版会,せいとくだいがくしゅっぱんかい,http://www.seitoku.jp/daigaku/shuppannkai/,271-8755,千葉県松戸市岩瀬550,047-365-1111,047-363-1401
青土社,せいどしゃ,http://www.seidosha.co.jp,101-0051,東京都千代田区神田神保町1-29　市瀬ビル4階,03-3291-9831,03-3291-9834
成美堂,せいびどう,http://www.seibido.co.jp/,101-0052,東京都千代田区神田小川町3‐22,03-3291-2261,03-3293-5490
成美堂出版,せいびどうしゅっぱん,http://www.seibidoshuppan.co.jp,162-8445,東京都新宿区新小川町1-7,03-5206-8151,
成文堂,せいぶんどう,http://www.seibundoh.co.jp,162-0041,東京都新宿区早稲田鶴巻町514,03-3203-9201,03-3203-9206
清文堂出版,せいぶんどうしゅっぱん,http://seibundo-pb.co.jp,542-0082,大阪市中央区島之内2‐8‐5,06-6211-6265,06-6211-6492
誠文堂新光社,せいぶんどうしんこうしゃ,http://www.seibundo-shinkosha.net/,113-0033,東京都文京区本郷3-3-11,03-5800-5775,03-5800-5773
税務経理協会,ぜいむけいりきょうかい,http://www.zeikei.co.jp/,161-0033,東京都新宿区下落合2‐5‐13,03-3953-3301,03-3565-3391
税務研究会,ぜいむけんきゅうかい,http://www.zeiken.co.jp,100-0005,東京都千代田区丸の内1-8-2,03-6777-3450,03-6777-3470
清流出版,せいりゅうしゅっぱん,http://www.seiryupub.co.jp,101-0051,東京都千代田区神田神保町3‐7‐1 ニュー九段ビル,03-3288-5405,03-3288-5340
青林書院,せいりんしょいん,http://www.seirin.co.jp,113-0033,東京都文京区本郷6‐4‐7,03-3815-5897,03-3814-1316
世界思想社教学社,せかいしそうしゃきょうがくしゃ,http://www.sekaishisosha.co.jp/><http://www.kyogakusha.co.jp/,606-0031,京都市左京区岩倉南桑原町56,075-721-6506,075-721-8707
世界文化ホールディングス,せかいぶんほーるでぃんぐす,http://www.sekaibunka.com/,102-0073,東京都千代田区九段北4‐2‐29,03-3262-5111,03-3221-6843
創元社,そうげんしゃ,http://www.sogensha.co.jp,541-0047,大阪市中央区淡路町4‐3‐6,06-6231-9010,06-6233-3111
草思社,そうししゃ,http://www.soshisha.com/,160-0022,東京都新宿区新宿1-10-1,03-4580-7676,
増進堂･受験研究社,ぞうしんどうじゅけんけんきゅうしゃ,http://www.zoshindo.co.jp,550-0013,大阪市西区新町2‐19‐15,06-6532-1581,06-6532-1588
ソニー・ミュージックソリューションズ,そにーみゅーじっくそりゅーしょんず,https://www.sonymusicsolutions.co.jp/,107-6214,東京都港区赤坂9-7-1,03-5786-8880,
体育とスポーツ出版社,だいいくとすぽーつしゅっぱんしゃ,http://www.taiiku-sports.co.jp/,135-0016,東京都江東区東陽2-2-20,03-3291-0911,03-3293-7750
第一出版,だいいちしゅっぱん,http://www.daiichi-shuppan.co.jp,102-0073,東京都千代田区九段北2-3-1,03-5226-0999,03-5226-0906
第一法規,だいいちほうき,http://www.daiichihoki.co.jp,107-8560,東京都港区南青山2‐11‐17,03-3796-5427,03-3404-2269
大学教育出版,だいがくきょういくしゅっぱん,http://www.kyoiku.co.jp,700-0953,岡山市西市855‐4,086-244-1268,086-246-0294
大学書林,だいがくしょりん,http://www.daigakusyorin.co.jp,112-0002,東京都文京区小石川4‐7‐4,03-3812-6281,03-3815-1035
第三文明社,だいさんぶんめいしゃ,http://www.daisanbunmei.co.jp,160-0022,東京都新宿区新宿1-23-5,03-5269-7141,03-5269-7146
大修館書店,たいしゅうかんしょてん,http://www.taishukan.co.jp,113-8541,東京都文京区湯島2-1-1,03-3868-2211,03-3868-2641
大創出版,だいそうしゅっぱん,http://www.daiso-syuppan.com/,170-0002,東京都豊島区巣鴨1-4-7　ＭＫビル2階,03-5981-7201,03-5981-7202
大東出版社,だいとうしゅっぱんしゃ,http://www.daitopb.co.jp,113-0001,東京都文京区白山1‐37‐10,03-3816-7607,03-3818-1528
大日本図書,だいにっぽんとしょ,http://www.dainippon-tosho.co.jp/,112-0012,東京都文京区大塚3‐11‐6,03-5940-8670,03-5940-8682
ダイヤモンド社,だいやもんどしゃ,http://www.diamond.co.jp/,150-8409,東京都渋谷区神宮前6-12-17　ダイヤモンドビル,03-5778-7200,
大和出版,だいわしゅっぱん,http://www.daiwashuppan.com,112-0013,東京都文京区音羽1-26-11,03-5978-8111,03-5978-8120
大和書房,だいわしょぼう,http://www.daiwashobo.co.jp,112-0014,東京都文京区関口1‐33‐4,03-3203-4511,03-3203-2626
高菅出版,たかすがしゅっぱん,http://www.takasuga.co.jp,604-0092,京都市中京区新町通丸田町下大炊町196 アルタ・ミラ御所215,075-222-6743,075-222-5045
高橋書店,たかはししょてん,http://www.takahashishoten.co.jp/,170-6014,東京都豊島区東池袋3-1-1　サンシャイン60　14階,,
ＴＡＣ出版,たっくしゅっぱん,,101-8383,東京都千代田区神田三崎町3-2-18,03-5276-9492,03-5276-9674
玉川大学出版部,たまがわだいがくしゅっぱんぶ,http://www.tamagawa.jp/introduction/press/index.html,194-8610,東京都町田市玉川学園6‐1‐1,0427-39-8935,0427-39-8940
淡交社,たんこうしゃ,http://www.tankosha.co.jp/,603-8158,京都市北区紫野宮西町19‐1,075-432-5151,075-432-5152
筑摩書房,ちくましょぼう,http://www.chikumashobo.co.jp,111-8755,東京都台東区蔵前2‐5‐3,03-5687-2680,03-5687-2685
千倉書房,ちくらしょぼう,http://www.chikura.co.jp,104-0031,東京都中央区京橋3-7-1,03-3528-6901,03-3528-6905
竹林館,ちくりんかん,http://www.chikurinkan.co.jp/book/,530-0044,大阪市北区東天満2-9-4　千代田ビル東館405,06-4801-6111,06-4801-6112
地人書館,ちじんしょかん,http://www.chijinshokan.co.jp,162-0835,東京都新宿区中町15,03-3235-4422,03-3235-8984
チャイルド本社,ちゃいるどほんしゃ,http://www.childbook.co.jp,112-8512,東京都文京区小石川5‐24‐21,03-3813-3781,03-3813-3778
中央経済社ホールディングス,ちゅうおうけいざいしゃほーるでぃんぐす,http://www.chuokeizai.co.jp/,101-0051,東京都千代田区神田神保町1‐35,03-3293-3381,03-3291-4437
中央公論新社,ちゅうおうこうろんしんしゃ,http://www.chuko.co.jp/,100-8152,東京都千代田区大手町1-7-1,03-5299-1700,03-5299-1916
中央大学出版部,ちゅうおうだいがくしゅっぱんぶ,http://www2.chuo-u.ac.jp/up/,192-0393,東京都八王子市東中野742-1,042-674-2351,042-674-2354
中央法規出版,ちゅうおうほうきしゅっぱん,http://www.chuohoki.co.jp,110-0016,東京都台東区台東3-29-1,03-3837-8035,
鳥影社,ちょうえいしゃ,http://www.choeisha.com/,392-0012,長野県諏訪市四賀229-1,0266-53-2903,0266-58-6771
築地書館,つきじしょかん,http://www.tsukiji-shokan.co.jp,104-0045,東京都中央区築地7‐4‐4‐201,03-3542-3731,03-3541-5799
ディスカヴァー・トゥエンティワン,ﾃﾞｨｽｶｳﾞｧｰ･ﾄｪﾝﾃｨﾜﾝ,http://www.d21.co.jp/,102-0093,東京都千代田区平河町2-16-1,03-3237-8321,03-3237-8323
電気書院,でんきしょいん,http://www.denkishoin.co.jp/,101-0051,東京都千代田区神田神保町1-3　ミヤタビル2階,03-5259-9160,03-5259-9162
天声社,てんせいしゃ,http://www.tenseisha.co.jp,621-0815,京都府亀岡市古世町北古世82-3,0771-24-7523,0771-25-3655
トゥーヴァージンズ,,http://www.twovirgins.jp/,102-0073,東京都千代田区九段北4-1-3,03-5212-7442,03-5212-7889
東海大学出版部,とうかいだいがくしゅっぱんぶ,http://www.press.tokai.ac.jp/,259-1292,平塚市北金目4-1-1,0463-58-7811,0463-58-7833
同学社,どうがくしゃ,http://www.dogakusha.co.jp/,112-0005,東京都文京区水道1‐10‐7,03-3816-7011,03-3816-7044
東急エージェンシー,とうきゅうえーじぇんしー,http://www.tokyu-agc.co.jp/,105-0003,東京都港区西新橋1-1-1,03-6811-2402,03-3591-7232
東京化学同人,とうきょうかがくどうじん,http://www.tkd-pbl.com,112-0011,東京都文京区千石3‐36‐7,03-3946-5311,03-3946-5316
東京学参,とうきょうがくさん,http://www.gakusan.co.jp/,153-0043,東京都目黒区東山２-６-４,03-3794-3154,03-3794-3164
東京書籍,とうきょうしょせき,http://www.tokyo-shoseki.co.jp/,114-8524,東京都北区堀船2‐17‐1,03-5390-7531,03-5390-7538
東京創元社,とうきょうそうげんしゃ,http://www.tsogen.co.jp/,162-0814,東京都新宿区新小川町1‐5,03-3268-8231,03-3268-8230
東京大学出版会,とうきょうだいがくしゅっぱんかい,http://www.utp.or.jp,153-0041,東京都目黒区駒場4-5-29,03-6407-1069,03-6407-1991
東京電機大学出版局,とうきょうでんきだいがくしゅっぱんきょく,http://www.dendai.ac.jp/press/,120-8551,東京都足立区千住旭町5,03-5284-5386,03-5284-5387
東京堂出版,とうきょうどうしゅっぱん,http://www.tokyodoshuppan.com,101-0051,東京都千代田区神田神保町1‐17,03-3233-3745,03-3233-3744
東京図書,とうきょうとしょ,http://www.tokyo-tosho.co.jp/,102-0072,東京都千代田区飯田橋3-11-19 ウメビル,03-3288-9461,03-3288-9470
東京美術,とうきょうびじゅつ,http://www.tokyo-bijutsu.co.jp,170-0011,東京都豊島区池袋本町3‐31‐15,03-5391-9031,03-3982-3295
童心社,どうしんしゃ,http://www.doshinsha.co.jp/,112-0011,東京都文京区千石4-6-6,03-5976-4181,03-5978-1078
東信堂,とうしんどう,http://www.toshindo-pub.com/,113-0023,東京都文京区向丘1-20-6,03-3818-5521,03-3818-5514
刀水書房,とうすいしょぼう,http://www.tousuishobou.com/,101-0065,東京都千代田区西神田2‐4‐1 東方学会本館,03-3261-6190,03-3261-2234
同成社,どうせいしゃ,http://homepage3.nifty.com/douseisha/,102-0093,東京都千代田区平河町1-8-2山京半蔵門パレス402,03-3239-1467,03-3239-1466
同文舘出版,どうぶんかんしゅっぱん,http://www.dobunkan.co.jp/,101-0051,東京都千代田区神田神保町1‐41,03-3294-1801,03-3294-1807
同文書院,どうぶんしょいん,http://www.dobun.co.jp,112-0002,東京都文京区小石川5-24-3,03-3812-7777,03-3812-7792
東方出版,とうほうしゅっぱん,http://www.tohoshuppan.co.jp/,543-0062,大阪市天王寺区逢阪2-3-2　リンクハウス天王寺ビル602,06-6779-9571,06-6779-9573
東方書店,とうほうしょてん,http://www.toho-shoten.co.jp,101-0051,東京都千代田区神田神保町1‐3,03-3294-1001,03-3294-1003
東北大学出版会,とうほくだいがくしゅっぱんかい,http://www.tups.jp/,980-8577,宮城県仙台市青葉区片平2-1-1,022-214-2777,022-225-2029
同友館,どうゆうかん,http://www.doyukan.co.jp/,113-0033,東京都文京区本郷3-38-1 本郷イシワタビル,03-3813-3966,03-3818-2774
東洋館出版社,とうようかんしゅっぱんしゃ,http://www.toyokan.co.jp/,101-0054,東京都千代田区神田錦町2-9-1　コンフォール安田ビル2階,03-6778-4343,03-5281-8091
東洋経済新報社,とうようけいざいしんぽうしゃ,http://www.toyokeizai.co.jp/,103-8345,東京都中央区日本橋本石町1‐2‐1,,
朱鷺書房,ときしょぼう,http://www.tokishobo.co.jp/,635-0085,奈良県大和高田市片塩町8-10,0745-49-0510,0745-49-0511
徳間書店,とくましょてん,http://www.tokuma.com,141-8202,東京都品川区上大崎3-1-1,03-5403-4300,
図書文化社,としょぶんかしゃ,http://www.toshobunka.co.jp,112-0012,東京都文京区大塚1-4-15 アトラス茗荷谷,03-3943-2511,03-3943-2519
ＴＯＴＯ出版,とーとーしゅっぱん,http://www.toto.co.jp/bookshop/,107-0062,東京都港区南青山1‐24‐3ＴＯＴＯ乃木坂ビル2 階,03-3595-9689,03-3595-9450
永井書店,ながいしょてん,http://www.nagaishoten.co.jp,553-0003,大阪市福島区福島8‐21‐15,06-6452-1881,06-6452-1882
永岡書店,ながおかしょてん,http://www.nagaokashoten.co.jp,176-8518,東京都練馬区豊玉上1‐7‐14,03-3992-5155,03-3948-9185
永末書店,ながすえしょてん,http://www.nagasueshoten.co.jp,602-8446,京都市上京区五辻通大宮西入五辻町69-2,075-415-7280,075-415-7290
ナカニシヤ出版,なかにしやしゅっぱん,http://www.nakanishiya.co.jp,606-8161,京都府京都市左京区一乗寺木ノ本町15,075-723-0111,
中山書店,なかやましょてん,http://www.nakayamashoten.co.jp,112-0006,東京都文京区小日向4-2-6,03-3813-1100,03-3816-1015
名古屋大学出版会,なごやだいがくしゅっぱんかい,http://www.unp.or.jp,464‐0814,愛知県名古屋市千種区不老町1名古屋大学構内,052-781-5027,052-781-0697
ナツメ社,なつめしゃ,http://www.natsume.co.jp,101-0051,東京都千代田区神田神保町1‐52,03-3291-1257,03-3291-5761
南雲堂,なんうんどう,http://www.nanun-do.co.jp/,162-0801,東京都新宿区山吹町361,03-3268-2311,03-3260-5425
南江堂,なんこうどう,http://www.nankodo.co.jp/,113-8410,文京区本郷3-42-6,03-3811-7140,03-3811-7265
二玄社,にげんしゃ,http://www.nigensha.co.jp,113-0021,東京都文京区本駒込6-2-1,03-5395-0511,03-5395-0515
西村書店,にしむらしょてん,http://www.nishimurashoten.co.jp,951-8122,新潟市旭町通一番町754‐39,025-223-2388,025-224-7165
日栄社,にちえいしゃ,http://www.nichieisha.com/,136-0071,東京都江東区亀戸8-25-12,03-6807-0801,03-6807-0805
日外アソシエーツ,にちがいあそしえーつ,http://www.nichigai.co.jp/,140-0013,東京都品川区南大井6-16-16,03-3763-5241,03-3764-0845
日貿出版社,にちぼうしゅっぱんしゃ,http://www.nichibou.co.jp,113-0033,東京都文京区本郷5-2-2,03-5805-3303,03-5805-3307
日科技連出版社,にっかぎれんしゅっぱんしゃ,http://www.juse-p.co.jp/,151-0051,東京都渋谷区千駄ヶ谷5‐15-5,03-5379-1240,03-3356-3419
日刊工業新聞社出版局,にっかんこうぎょうしんぶんしゃしゅっぱんきょく,http://www.nikkan.co.jp/pub/,103-8548,東京都中央区日本橋小網町14-1,03-5644-7410,03-5644-7400
日経BP,にっけいびーぴー,http://www.nikkeibp.co.jp/,105-8308,東京都港区虎ノ門4-3-12,03-6811-8806,050-3153-7284
日東書院本社,にっとうしょいんほんしゃ,http://www.TG-NET.co.jp,113-0033,東京都文京区本郷1-33-13,03-5931-5911,03-6386-3087
日本教文社,にっぽんきょうぶんしゃ,http://www.kyobunsha.co.jp,107-8674,東京都港区赤坂9‐6‐44,03-3401-9111,03-3401-9139
日本評論社,にっぽんひょうろんしゃ,http://www.nippyo.co.jp/,170-8474,東京都豊島区南大塚3‐12‐4,03-3987-8611,03-3987-8590
二宮書店,にのみやしょてん,http://www.ninomiyashoten.co.jp/,101-0047,東京都千代田区内神田11-13-13 T山川出版社ビル,03-5244-5850,03-5244-5963
日本医事新報社,にほんいじしんぽうしゃ,http://www.jmedj.co.jp/,101-0062,東京都千代田区神田駿河台2‐9,03-3292-1551,03-3292-1550
日本ヴォーグ社,にほんぼーぐしゃ,http://www.tezukuritown.com/,164-8705,東京都中野区弥生町5-6-11,03-3383-0600,03-3383-0602
日本加除出版,にほんかじょしゅっぱん,http://www.kajo.co.jp,171-8516,東京都豊島区南長崎3‐16‐6,03-3953-5757,03-3952-8881
日本漢字能力検定協会,にほんかんじのうりょくけんていきょうかい,http://www.kanken.or.jp/index.php.,605-0074,京都市東山区祇園町南側５５１,075-757-8600,075-532-1110
日本棋院,にほんきいん,http://www.nihonkiin.or.jp,104-0033,東京都千代田区五番町7‐2,03-3288-8797,03-3263-1422
日本経済評論社,にほんけいざいひょうろんしゃ,http://www.nikkeihyo.co.jp,101-0062,東京都千代田区神田駿河台1-7-7,03-5577-7286,03-5577-2803
日本実業出版社,にほんじつぎょうしゅっぱんしゃ,http://www.njg.co.jp,162-0845,東京都新宿区市谷本村町3-29,03-3268-5161,03-3268-0831
日本統計協会,にほんとうけいきょうかい,http://www.jstat.or.jp/,169-0073,東京都新宿区百人町2-4-6,03-5332-3151,03-5389-0691
日本能率協会マネジメントセンター,にほんのうりつきょうかいまねじめんとせんたー,http://www.jmam.co.jp/,103-6009,東京都中央区日本橋2-7-1,03-6362-4558,03-3272-8127
日本文教出版,にほんぶんきょうしゅっぱん,http://www.nichibun-g.co.jp/,558-0041,大阪市住吉区南住吉4‐7‐5,06-6692-1261,06-6606-5171
日本文芸社,にほんぶんげいしゃ,http://www.nihonbungeisha.co.jp/,100-0003,東京都千代田区一ツ橋1-1-1,03-5224-6460,03-3240-6304
日本法令,にほんほうれい,http://www.horei.co.jp,101-0032,東京都千代田区岩本町1-2-19,03-3862-5031,03-3862-5930
ニュートンプレス,にゅーとんぷれす,http://www.newtonpress.co.jp/,112-0012,東京都文京区大塚3-11-6　大日本図書大塚三丁目ビル,03-5940-2451,03-5940-2454
ネオテクノロジー,ねおてくのろじー,https://www.neotecnology.co.jp/,101-0062,東京都千代田区神田駿河台2-3-13,06-6616-7479,06-6616-7480
燃焼社,ねんしょうしゃ,http://www.nenshosha.co.jp/,558-0046,大阪市住吉区上住吉2-2-29,06-6616-7479,06-6616-7480
農山漁村文化協会,のうさんぎょそんぶんかきょうかい,http://www.ruralnet.or.jp/,335-0022,埼玉県戸田市上戸田2-2-2,048-233-9334,048-299-2815
パイインターナショナル,ぱいいんたーなしょなる,https://www.pie.co.jp,170-0005,東京都豊島区南大塚2-32-4,03-3944-3981,03-5395-4830
培風館,ばいふうかん,http://www.baifukan.co.jp,102-0074,東京都千代田区九段南4‐3‐12,03-3262-5256,03-3262-5276
白水社,はくすいしゃ,http://www.hakusuisha.co.jp,101-0052,東京都千代田区神田小川町3‐24,03-3291-7816,03-3291-8448
白泉社,はくせんしゃ,http://www.hakusensha.co.jp/index.shtml,101-0063,東京都千代田区神田淡路町2-2-2,03-3526-8000,03-3526-8082
白帝社,はくていしゃ,http://www.hakuteisha.co.jp/,171-0014,東京都豊島区池袋2‐65‐1,03-3986-3271,03-3986-3272
白桃書房,はくとうしょぼう,http://www.hakutou.co.jp/,101-0021,東京都千代田区外神田5‐1‐15,03-3836-4781,03-3836-9370
博文館新社,はくぶんかんしんしゃ,http://www.hakubunkan.co.jp,116-0002,東京都荒川区荒川5-9-7,03-6458-3838,03-5604-3391
博友社,はくゆうしゃ,http://www.hakubunkan.co.jp,116-0002,東京都荒川区荒川5-9-7,03-6458-3872,03-5604-3393
白揚社,はくようしゃ,http://www.hakuyo-sha.co.jp/,101-0062,東京都千代田区神田駿河台1-7-7,03-5281-9772,03-5281-9886
早川書房,はやかわしょぼう,http://www.hayakawa-online.co.jp/,101-0046,東京都千代田区神田多町2‐2,03-3252-3111,03-3254-1550
原書房,はらしょぼう,http://www.harashobo.co.jp/,160-0022,東京都新宿区新宿1‐25‐13,03-3254-0680,03-3354-0736
判例時報社,はんれいじほうしゃ,http://www.hanreijiho.co.jp/,112-0015,東京都文京区目白台1-7-12,03-3947-7375,03-3947-7374
ＰＨＰ研究所,ぴーえいちぴーけんきゅうしょ,http://www.php.co.jp,601-8411,京都市南区西九条北ノ内町11,075-681-4433,
BL出版,びーえるしゅっぱん,http://www.blg.co.jp/,652-0846,兵庫県神戸市兵庫区出在家町2-2-20,078-681-3111,078-681-3155
東本願寺出版,ひがしほんがんじしゅっぱん,http://higashihonganji-sｈuppan.jp/,600-8505,京都市下京区烏丸七条上る常葉町754,075-371-9189,075-371-9122
東山書房,ひがしやましょぼう,http://www.higashiyama.co.jp,604-8454,京都市中京区西ノ京小堀池町8-2,075-841-9278,075-822-0826
ひかりのくに,ひかりのくに,http://www.hikarinokuni.co.jp,543-0001,大阪市天王寺区上本町3‐2‐14,06-6768-1151,
ビジネス教育出版社,びじねすきょういくしゅっぱんしゃ,http://www.bks.co.jp/,102-0074,東京都千代田区九段南4-7-13,03-3221-5361,03-3221-5433
ひつじ書房,ひつじしょぼう,http://www.hituzi.co.jp,112-0011,東京都文京区千石2-1-2 大和ビル2階,03-5319-4916,03-5319-4917
檜書店,ひのきしょてん,http://www.hinoki-shoten.co.jp/,101-0052,東京都千代田区神田小川町2‐1,03-3291-9552,03-3295-3554
評論社,ひょうろんしゃ,http://www.hyoronsha.co.jp/,162-0815,東京都新宿区筑土八幡町2‐21,03-3260-9401,03-3260-9408
平河出版社,ひらかわしゅっぱんしゃ,http://www.washin.co.jp/honya/home/s_infos/89203.html,108-0073,東京都港区三田3‐4‐8 三田阿含ビル2階,03-3454-4885,03-5484-1660
風鳴舎,ふうめいしゃ,https://fuumeisha.co.jp/,170-0005,東京都豊島区南大塚2-38-1,03-5963-5266,03-5963-5267
フォレスト出版,ふぉれすとしゅっぱん,http://www.forestpub.co.jp/,162-0824,東京都新宿区揚場町2-18,03-5229-5750,03-5229-5753
福音館書店,ふくいんかんしょてん,http://www.fukuinkan.co.jp/,113-8686,東京都文京区本駒込6‐6‐3,03-3942-1226,03-3942-9691
福村出版,ふくむらしゅっぱん,http://www.fukumura.co.jp,113-0034,東京都文京区湯島2-14-11,03-5812-9702,03-5812-9705
冨山房,ふざんぼう,http://fuzambo.net/,101-0051,東京都千代田区神田神保町1‐3,03-3291-2171,03-3291-2179
婦人之友社,ふじんのともしゃ,http://www.fujinnotomo.co.jp,171-8510,東京都豊島区西池袋2‐20‐16,03-3971-0101,03-3982-8958
扶桑社,ふそうしゃ,http://www.fusosha.co.jp,105-8070,東京都港区芝浦1-1-1,03-5403-8864,
双葉社,ふたばしゃ,http://www.futabasha.co.jp/,162-8540,東京都新宿区東五軒町3‐28,03-5261-4818,03-3269-3520
プレアデス出版,ぷれあですしゅっぱん,http://www.pleiades-publishing.co.jp/,399-8301,長野県安曇野市穂高有明7345-187,0263-31-5023,0263-31-5024
フレグランスジャーナル社,ふれぐらんすじゃーなるしゃ,http://www.fragrance-j.co.jp/,102-0072,東京都千代田区飯田橋3-11-19ウメビル,03-3264-0125,03-3264-0148
フレーベル館,ふれーべるかん,http://www.froebel-kan.co.jp/,113-8611,東京都文京区本駒込6‐14‐9,03-5395-6613,03-5395-6627
プレジデント社,ぷれじでんとしゃ,http://www.president.co.jp/,102-8641,東京都千代田区平河町2-16-1,03-3237-3711,03-3237-3745
ブロンズ新社,ぶろんずしんしゃ,http://www.president.co.jp/,150-0001,東京都渋谷区神宮前6-31-15,03-3498-3272,03-3498-5966
文一総合出版,ぶんいちそうごうしゅっぱん,http://www.bun-ichi.co.jp/,162-0812,東京都新宿区西五軒町2-5 川上ビル,03-3235-7342,03-3269-1402
文英堂,ぶんえいどう,http://www.bun-eido.co.jp,600-8691,京都市南区上鳥羽大物町28,075-671-3161,075-671-3165
文化学園文化出版局,ぶんかがくえんぶんかしゅっぱんきょく,http://books.bunka.ac.jp,151-8524,東京都渋谷区代々木3‐22‐1 文化学園G館,03-3299-2511,03-3370-3712
文化書房博文社,ぶんかしょぼうはくぶんしゃ,http://user.net-web.ne.jp/bunka/index.asp,112-0015,東京都文京区目白台1‐9‐9,03-3947-2034,03-3947-4976
文藝春秋,ぶんげいしゅんじゅう,http://www.bunshun.co.jp/,102-8008,東京都千代田区紀尾井町3‐23,03-3265-1211,
文眞堂,ぶんしんどう,http://www.bunshin-do.co.jp/,162-0041,東京都新宿区早稲田鶴巻町533,03-3202-8480,03-3203-2638
文理,ぶんり,http://www.bunri.co.jp,141-8426,東京都品川区西五反田2-11-8,03-6421-7150,03-6431-8448
平凡社,へいぼんしゃ,http://www.heibonsha.co.jp,101-0051,東京都千代田区神田神保町3-29,03-3230-6570,3-3230-6586
平楽寺書店,へいらくじしょてん,http://www.heirakuji.co.jp/,604-8691,京都市中京区東洞院通三条上ル曇華院前町449,075-221-0161,075-221-0169
ベースボールマガジン社,べーすぼーるまがじんしゃ,http://www.bbm-japan.com,103-8482,東京都中央区日本橋浜町2-61-9,03-5643-3880,03-5643-3935
ベネッセコーポレーション,べねっせこーぽれーしょん,http://www.benesse.co.jp/,206-8686,東京都多摩市落合1-34,042-356-7134,042-356-7120
ベレ出版,べれしゅっぱん,http://www.beret.co.jp/,162-0832,東京都新宿区岩戸町12 レベッカビル,03-5225-4790,03-5225-4795
勉誠出版,べんせいしゅっぱん,https://bensei.jp/,101-0061,東京都千代田神田三崎町2-18-4,03-5215-9021,03-5215-9025
法研,ほうけん,http://www.sociohealth.co.jp/,104-8104,東京都中央区銀座1‐10‐1,03-3562-3611,03-3562-3689
法政大学出版局,ほうせいだいがくしゅっぱんきょく,http://www.h-up.com/,102-0073,東京都千代田区九段北3-2-3　法政大学九段校舎,03-5214-5540,03-5214-5542
法蔵館,ほうぞうかん,http://www.hozokan.co.jp,600-8153,京都市下京区正面通烏丸東入,075-343-0458,075-371-0458
法律文化社,ほうりつぶんかしゃ,http://www.hou-bun.co.jp/,603-8053,京都市北区上賀茂岩ケ垣内町71,075-791-7131,075-721-8400
北隆館,ほくりゅうかん,http://www.hokuryukan-ns.co.jp/index.html,153-0051,東京都目黒区上目黒3-17-8,03-5720-1161,03-5720-1166
歩行開発研究所,ほこうかいはつけんきゅうしょ,http://hokou.org/,567-0876,大阪府茨木市天王2-6 G-204,072-631-1788,072-631-1788
北海道大学出版会,ほっかいどうだいがくしゅっぱんかい,http://www.hup.gr.jp/,060-0809,北海道札幌市北区北９条西８丁目　北大構内,011-747-2308,011-736-8605
ポプラ社,ぽぷらしゃ,http://www.poplar.co.jp/,102-8519,東京都千代田区麹町4-2-6　住友不動産麹町ファーストビル8･9階,03-5877-8101,
ほるぷ出版,ほるぷしゅっぱん,http://www.holp-pub.co.jp,102-0073,東京都千代田区九段北1-15-15,03-6261-6691,03-6261-6692
本願寺出版社,ほんがんじしゅっぱんしゃ,http://hongwanji-shuppan.com/,600-8501,京都市下京区堀川通花屋町下ル　西本願寺内,075-371-4171,075-341-7753
マガジンハウス,まがじんはうす,http://magazineworld.jp/,104‐0061,東京都中央区銀座3‐13‐10,03-3545-7175,03-3546-6561
丸善出版,まるぜんしゅっぱん,http://pub.maruzen.co.jp/,101-0051,東京都千代田区神田神保町2-17,03-3512-3275,03-3512-3272
丸元,まるもと,,556-0016,大阪市浪速区元町1‐9‐11,06-6631-2327,06-6631-4195
三笠書房,みかさしょぼう,http://www.mikasashobo.co.jp,102-0072,千代田区飯田橋3-3-1　飯田橋三笠ビル,03-5226-5730,03-5226-5739
みくに出版,みくにしゅっぱん,http://www.go-kaku.net/,150-0021,東京都渋谷区恵比須西2-3-14,03-3770-6930,03-3770-6931
みすず書房,みすずしょぼう,http://www.msz.co.jp/,113-0033,東京都文京区本郷2-20-7,03-3814-0131,03-3818-6435
光村教育図書,みつむらきょういくとしょ,http://www.mitsumura-kyouiku.co.jp/,141-0031,東京都品川区西五反田2‐27‐4,03-3779-0581,03-3779-0266
光村推古書院,みつむらすいこしょいん,http://www.mitsumura-suiko.co.jp/,604-8006,京都市中京区河原町通三条上ル下丸屋町407-2,075-251-2888,075-251-2881
緑書房,みどりしょぼう,http://www.mgp.co.jp,103-0004,東京都中央区東日本橋3-4-14 OZAWAビル,03-6833-0570,03-6833-0575
ミネルヴァ書房,みねるうﾞぁしょぼう,http://www.minervashobo.co.jp/,607-8494,京都市山科区日ノ岡堤谷町1,075-581-5191,075-581-8379
未来社,みらいしゃ,http://www.miraisha.co.jp/,156-0055,東京都世田谷区船橋1-18-9,03-6432-6281,03-6432-6282
明治書院,めいじしょいん,http://www.meijishoin.co.jp/,169-0072,東京都新宿区大久保1-1-7　高木ビル,03-5292-0117,03-5292-6182
メイツユニバーサルコンテンツ,めいつゆにばーさるこんてんつ,http://www.mates-publishing.co.jp/,102-0093,東京都千代田区平河町1-1-8,03-5276-3050,03-5276-3105
メディアイランド,めでぃあいらんど,http://www.mediaisland.co.jp/,542-0082,大阪市中央区島之内1-13-28,06-6281-1323,06-7632-4492
メディカル・サイエンス・インターナショナル,めでぃかる・さいえんす・いんたーなしょなる,http://www.medsi.co.jp/,113-0033,東京都文京区本郷1-28-36,03-5804-6050,03-5804-6055
森北出版,もりきたしゅっぱん,http://www.morikita.co.jp/,102-0071,東京都千代田区富士見1-4-11 九段富士見ビル2階・3階,03-3265-8341,03-3264-8709
森山書店,もりやましょてん,,101-0048,東京都千代田区神田司町2-17　上田司町ビル3階,03-3293-7061,03-3293-7063
八木書店,やぎしょてん,http://www.books-yagi.co.jp/,101-0052,東京都千代田区神田小川町3‐8,03-3291-2965,03-3291-6300
薬事日報社,やくじにっぽうしゃ,http://www.yakuji.co.jp/,101-8648,東京都千代田区神田和泉町1-10,03-3862-2141,03-5821-8757
柳原出版,やなぎはらしゅっぱん,http://www.yanagihara-pub.com/,615-8107,京都市西京区川島北裏町74,075-381-1010,075-393-0469
山川出版社,やまかわしゅっぱんしゃ,http://www.yamakawa.co.jp/,101-0047,東京都千代田区内神田1-13-13,03-3293-1788,03-3219-0487
山口書店,やまぐちしょてん,http://www.yamaguchi-shoten.co.jp/,606-8252,京都市左京区北白川上終町4-2,075-781-6121,075-705-2003
雄山閣,ゆうざんかく,http://www.yuzankaku.co.jp/,102-0071,東京都千代田区富士見2‐6‐9,03-3262-3231,03-3262-4960
有信堂高文社,ゆうしんどうこうぶんしゃ,http://www.yushindo.co.jp/,113-0033,東京都文京区本郷1‐8‐1,03-3813-4511,03-3813-4514
有斐閣,ゆうひかく,http://www.yuhikaku.co.jp,101-0051,東京都千代田区神田神保町2‐17,03-3264-1312,03-3264-5030
ユーキャン　学び出版事業所,ユーキャン,http://www.u-can.co.jp/book/,151-0053,東京都渋谷区代々木1-11-1,03-3378-2171,03-3378-2232
ユニ・プラン,ユニ・プラン,http://www.uni-plan.co.jp/,601-8213,京都市南区久世中久世町1-76,075-934-0003,075-934-9990
養賢堂,ようけんどう,http://www.yokendo.com,113-0033,東京都文京区本郷5‐30‐15,03-3814-0911,03-3812-2615
養徳社,ようとくしゃ,http://www12.ocn.ne.jp/~youtoku/,632-0016,奈良県天理市川原城町388,0743-62-4503,0743-63-8077
吉岡書店,よしおかしょてん,http://www3.ocn.ne.jp/~yoshioka/,606-8225,京都市左京区田中門前町87,075-781-4747,075-701-9075
吉川弘文館,よしかわこうぶんかん,http://www.yoshikawa-k.co.jp/,113-0033,東京都文京区本郷7‐2‐8,03-3813-9151,03-3812-3544
ライフサイエンス出版,らいふさいえんすしゅっぱん,www.lifescience.co.jp/,105-0014,東京都港区芝3-5-2,03-6275-1522,03-6275-1527
理工図書,りこうとしょ,http://www.rikohtosho.co.jp,102-0082,東京都千代田区一番町27-2 理工図書ビル4階,03-3230-0221,03-3262-8247
理論社,りろんしゃ,http://www.rironsha.co.jp/,101-0062,東京都千代田区神田駿河台2-5,03-6264-8890,03-6264-8892
臨川書店,りんせんしょてん,http://www.rinsen.com/,606-8204,京都市左京区田中下柳町8,075-721-7111,075-781-6168
早稲田教育出版,わせだきょういくしゅっぱん,http://www.waseda.gr.jp,169-0075,東京都新宿区高田馬場1-4-15,03-3209-6201,03-3209-6248
早稲田大学出版部,わせだだいがくしゅっぱんぶ,http://www.waseda-up.co.jp,169-0051,東京都新宿区西早稲田1-9-12,03-3203-1551,03-3207-0406
